timestamp,gpu_temp_C,gpu_util_pct,gpu_power_W,gpu_mem_used_MiB,cpu_temp_C
2026-06-17 13:27:08,51,0,22.97,121,NA
2026-06-17 13:28:09,51,0,21.57,121,NA
2026-06-17 13:29:10,51,0,22.21,121,NA
2026-06-17 13:30:10,51,0,23.17,121,NA
2026-06-17 13:31:11,51,0,22.92,121,NA
2026-06-17 13:32:11,51,0,23.14,121,NA
2026-06-17 13:33:12,51,0,22.34,121,NA
2026-06-17 13:34:12,51,0,24.06,121,NA
2026-06-17 13:35:12,51,0,23.34,121,NA
2026-06-17 13:36:13,51,0,22.70,121,NA
2026-06-17 13:37:14,50,0,23.79,121,NA
2026-06-17 13:38:14,50,0,23.01,121,NA
2026-06-17 13:39:14,50,0,23.07,121,NA
2026-06-17 13:40:15,50,0,22.82,121,NA
2026-06-17 13:41:15,50,0,23.16,121,NA
2026-06-17 13:42:16,50,0,22.98,121,NA
2026-06-17 13:43:17,50,0,24.73,121,NA
2026-06-17 13:44:17,50,0,23.41,121,NA
2026-06-17 13:45:17,50,0,23.10,121,NA
2026-06-17 13:46:18,50,0,24.16,121,NA
2026-06-17 13:47:18,50,0,22.88,121,NA
2026-06-17 13:48:19,50,0,24.75,121,NA
2026-06-17 13:49:19,50,0,24.72,121,NA
2026-06-17 13:50:19,50,0,24.05,121,NA
2026-06-17 13:51:19,50,0,24.30,121,NA
2026-06-17 13:52:19,50,0,24.04,121,NA
2026-06-17 13:53:19,50,0,23.20,121,NA
2026-06-17 13:54:20,50,0,22.97,121,NA
2026-06-17 13:55:20,50,0,23.14,121,NA
2026-06-17 13:56:21,50,0,22.92,121,NA
2026-06-17 13:57:21,51,0,23.21,121,NA
2026-06-17 13:58:22,51,0,22.73,121,NA
2026-06-17 13:59:23,50,0,22.94,121,NA
2026-06-17 14:00:23,50,0,23.08,121,NA
2026-06-17 14:01:24,50,0,22.55,121,NA
2026-06-17 14:02:24,50,0,25.21,121,NA
2026-06-17 14:03:24,51,0,25.62,121,NA
2026-06-17 14:04:25,51,0,22.66,121,NA
2026-06-17 14:05:26,51,0,22.98,121,NA
2026-06-17 14:06:26,51,0,23.99,121,NA
2026-06-17 14:07:26,51,0,22.85,121,NA
2026-06-17 14:08:27,50,0,23.14,121,NA
2026-06-17 14:09:27,50,0,22.99,121,NA
2026-06-17 14:10:28,51,0,13.89,121,NA
2026-06-17 14:11:28,51,0,25.40,121,NA
2026-06-17 14:12:28,50,0,23.65,121,NA
2026-06-17 14:13:29,50,0,22.98,121,NA
2026-06-17 14:14:29,50,0,23.92,121,NA
2026-06-17 14:15:29,50,0,23.74,121,NA
2026-06-17 14:16:29,50,0,22.87,121,NA
2026-06-17 14:17:30,50,0,24.53,121,NA
2026-06-17 14:18:30,50,0,23.21,121,NA
2026-06-17 14:19:30,50,0,23.62,121,NA
2026-06-17 14:20:30,50,0,21.73,121,NA
2026-06-17 14:21:31,50,0,23.04,121,NA
2026-06-17 14:22:31,50,0,23.18,121,NA
2026-06-17 14:23:31,50,0,23.41,121,NA
2026-06-17 14:24:31,50,0,24.01,121,NA
2026-06-17 14:25:31,51,0,25.47,121,NA
2026-06-17 14:26:32,51,0,23.01,121,NA
2026-06-17 14:27:33,50,0,23.13,121,NA
2026-06-17 14:28:33,50,0,24.01,121,NA
2026-06-17 14:29:33,50,0,22.99,121,NA
2026-06-17 14:30:34,50,0,23.92,121,NA
2026-06-17 14:31:34,50,0,22.40,121,NA
2026-06-17 14:32:35,50,0,23.09,121,NA
2026-06-17 14:33:36,49,0,23.21,121,NA
2026-06-17 14:34:36,49,0,24.13,121,NA
2026-06-17 14:35:36,49,0,22.32,121,NA
2026-06-17 14:36:37,48,0,24.58,121,NA
2026-06-17 14:37:37,48,0,23.27,121,NA
2026-06-17 14:38:37,48,0,23.98,121,NA
2026-06-17 14:39:37,48,0,22.98,121,NA
2026-06-17 14:40:38,48,0,23.03,121,NA
2026-06-17 14:41:38,48,0,23.80,121,NA
2026-06-17 14:42:38,48,0,21.72,121,NA
2026-06-17 14:43:39,47,0,24.63,121,NA
2026-06-17 14:44:39,47,0,24.80,121,NA
2026-06-17 14:45:39,47,0,22.88,121,NA
2026-06-17 14:46:40,47,0,22.97,121,NA
2026-06-17 14:47:40,47,0,24.38,121,NA
2026-06-17 14:48:40,47,0,22.93,121,NA
2026-06-17 14:49:41,47,0,22.90,121,NA
2026-06-17 14:50:42,44,0,14.02,121,NA
2026-06-17 14:51:42,44,0,22.83,121,NA
2026-06-17 14:52:42,46,0,23.86,121,NA
2026-06-17 14:53:42,46,0,22.83,121,NA
2026-06-17 14:54:43,46,0,22.49,121,NA
2026-06-17 14:55:43,46,0,23.88,121,NA
2026-06-17 14:56:43,46,0,24.36,121,NA
2026-06-17 14:57:44,46,0,22.75,121,NA
2026-06-17 14:58:44,46,0,23.84,121,NA
2026-06-17 14:59:44,46,0,22.82,121,NA
2026-06-17 15:00:45,46,0,22.58,121,NA
2026-06-17 15:01:46,46,0,24.61,121,NA
2026-06-17 15:02:46,46,0,25.41,121,NA
2026-06-17 15:03:46,46,0,22.73,121,NA
2026-06-17 15:04:47,46,0,22.61,121,NA
2026-06-17 15:05:47,46,0,22.61,121,NA
2026-06-17 15:06:48,45,0,23.50,121,NA
2026-06-17 15:07:48,46,0,22.67,121,NA
2026-06-17 15:08:49,46,0,22.21,121,NA
2026-06-17 15:09:49,45,0,22.66,121,NA
2026-06-17 15:10:50,45,0,23.83,121,NA
2026-06-17 15:11:50,45,0,22.60,121,NA
2026-06-17 15:12:51,45,0,23.78,121,NA
2026-06-17 15:13:51,45,0,22.31,121,NA
2026-06-17 15:14:51,45,0,22.99,121,NA
2026-06-17 15:15:52,45,0,24.52,121,NA
2026-06-17 15:16:52,45,0,24.32,121,NA
2026-06-17 15:17:52,45,0,22.81,121,NA
2026-06-17 15:18:53,45,0,22.68,121,NA
2026-06-17 15:19:53,45,0,23.83,121,NA
2026-06-17 15:20:53,44,0,23.90,121,NA
2026-06-17 15:21:54,45,0,24.05,121,NA
2026-06-17 15:22:54,45,0,22.88,121,NA
2026-06-17 15:23:54,45,0,22.29,121,NA
2026-06-17 15:24:54,45,0,22.15,121,NA
2026-06-17 15:25:54,45,0,22.64,121,NA
2026-06-17 15:26:55,44,0,22.38,121,NA
2026-06-17 15:27:55,44,0,21.71,121,NA
2026-06-17 15:28:56,45,0,22.55,121,NA
2026-06-17 15:29:56,45,0,22.21,121,NA
2026-06-17 15:30:57,45,0,23.65,121,NA
2026-06-17 15:31:57,44,0,23.77,121,NA
2026-06-17 15:32:57,44,0,24.89,121,NA
2026-06-17 15:33:58,44,0,23.72,121,NA
2026-06-17 15:34:58,44,0,22.08,121,NA
2026-06-17 15:35:58,45,0,24.30,121,NA
2026-06-17 15:36:58,45,0,22.92,121,NA
2026-06-17 15:37:58,45,0,22.82,121,NA
2026-06-17 15:38:58,46,0,22.82,121,NA
2026-06-17 15:39:59,46,0,22.89,121,NA
2026-06-17 15:40:59,46,0,24.13,121,NA
2026-06-17 15:41:59,47,0,22.82,121,NA
2026-06-17 15:43:00,46,0,22.27,121,NA
2026-06-17 15:44:00,47,0,22.17,121,NA
2026-06-17 15:45:00,47,0,23.96,121,NA
2026-06-17 15:46:00,46,0,23.93,121,NA
2026-06-17 15:47:00,47,0,23.78,121,NA
2026-06-17 15:48:01,47,0,23.62,121,NA
2026-06-17 15:49:01,47,0,23.91,121,NA
2026-06-17 15:50:01,48,0,25.02,121,NA
2026-06-17 15:51:01,48,0,24.68,121,NA
2026-06-17 15:52:01,47,0,23.94,121,NA
2026-06-17 15:53:01,48,0,23.04,121,NA
2026-06-17 15:54:02,48,0,22.91,121,NA
2026-06-17 15:55:03,48,0,21.66,121,NA
2026-06-17 15:56:03,48,0,24.66,121,NA
2026-06-17 15:57:03,48,0,23.23,121,NA
2026-06-17 15:58:03,48,0,23.09,121,NA
2026-06-17 15:59:04,48,0,23.01,121,NA
2026-06-17 16:00:04,48,0,23.08,121,NA
2026-06-17 16:01:05,48,0,23.91,121,NA
2026-06-17 16:02:05,48,0,23.02,121,NA
2026-06-17 16:03:05,49,0,23.95,121,NA
2026-06-17 16:04:06,48,0,23.04,121,NA
2026-06-17 16:05:06,48,0,23.09,121,NA
2026-06-17 16:06:07,48,0,23.70,121,NA
2026-06-17 16:07:07,44,0,11.61,121,NA
2026-06-17 16:08:07,43,0,11.43,121,NA
2026-06-17 16:09:07,42,0,11.47,121,NA
2026-06-17 16:10:07,44,0,23.96,121,NA
2026-06-17 16:11:07,43,0,22.71,121,NA
2026-06-17 16:12:08,43,0,11.70,121,NA
2026-06-17 16:13:08,42,0,11.80,121,NA
2026-06-17 16:14:08,42,0,11.50,121,NA
2026-06-17 16:15:08,42,0,11.58,121,NA
2026-06-17 16:16:08,42,0,11.63,121,NA
2026-06-17 16:17:08,42,0,22.89,121,NA
2026-06-17 16:18:09,43,0,11.88,121,NA
2026-06-17 16:19:09,42,0,11.58,121,NA
2026-06-17 16:20:09,42,0,11.77,121,NA
2026-06-17 16:21:09,42,0,12.13,121,NA
2026-06-17 16:22:09,42,0,11.67,121,NA
2026-06-17 16:23:09,42,0,11.95,121,NA
2026-06-17 16:24:09,44,0,24.02,121,NA
2026-06-17 16:25:09,43,0,23.67,121,NA
2026-06-17 16:26:09,43,0,22.85,121,NA
2026-06-17 16:27:09,43,0,23.76,121,NA
2026-06-17 16:28:10,42,0,23.67,121,NA
2026-06-17 16:29:10,43,0,22.90,121,NA
2026-06-17 16:30:10,42,0,23.74,121,NA
2026-06-17 16:31:10,44,0,23.94,267,NA
2026-06-17 16:32:10,64,100,85.50,5058,NA
2026-06-17 16:33:10,70,100,86.08,5058,NA
2026-06-17 16:34:10,72,100,80.60,5058,NA
2026-06-17 16:35:11,73,99,96.00,5058,NA
2026-06-17 16:36:11,73,100,100.94,5058,NA
2026-06-17 16:37:11,74,100,79.60,5058,NA
2026-06-17 16:38:11,73,99,96.26,5058,NA
2026-06-17 16:39:11,75,99,84.81,5058,NA
2026-06-17 16:40:11,74,99,86.69,5058,NA
2026-06-17 16:41:11,76,100,80.44,5058,NA
2026-06-17 16:42:11,75,100,97.40,5058,NA
2026-06-17 16:43:11,74,100,86.69,5058,NA
2026-06-17 16:44:11,73,100,85.15,5058,NA
2026-06-17 16:45:11,73,100,94.43,5060,NA
2026-06-17 16:46:11,56,0,11.90,5060,NA
2026-06-17 16:47:11,72,100,89.90,5060,NA
2026-06-17 16:48:11,73,100,86.50,5060,NA
2026-06-17 16:49:12,73,100,81.80,5060,NA
2026-06-17 16:50:12,75,100,81.06,5060,NA
2026-06-17 16:51:12,73,100,91.79,5060,NA
2026-06-17 16:52:12,75,100,94.01,5060,NA
2026-06-17 16:53:12,75,100,90.65,5060,NA
2026-06-17 16:54:12,73,100,82.70,5060,NA
2026-06-17 16:55:12,73,100,88.02,5060,NA
2026-06-17 16:56:12,74,100,92.40,5060,NA
2026-06-17 16:57:12,73,100,85.19,5060,NA
2026-06-17 16:58:12,73,99,97.40,5060,NA
2026-06-17 16:59:12,63,0,25.23,5060,NA
2026-06-17 17:00:12,73,100,91.03,5060,NA
2026-06-17 17:01:12,68,100,101.57,5060,NA
2026-06-17 17:02:12,71,100,88.70,5060,NA
2026-06-17 17:03:12,74,100,81.42,5060,NA
2026-06-17 17:04:13,74,100,89.33,5060,NA
2026-06-17 17:05:13,73,100,88.46,5060,NA
2026-06-17 17:06:13,73,100,84.84,5060,NA
2026-06-17 17:07:13,73,100,96.69,5060,NA
2026-06-17 17:08:13,73,100,88.11,5060,NA
2026-06-17 17:09:13,73,99,73.20,5060,NA
2026-06-17 17:10:13,74,100,93.41,5060,NA
2026-06-17 17:11:13,74,100,88.76,5060,NA
2026-06-17 17:12:13,73,100,93.72,5060,NA
2026-06-17 17:13:13,74,100,84.77,5060,NA
2026-06-17 17:14:13,70,99,88.99,5060,NA
2026-06-17 17:15:13,73,100,76.91,5060,NA
2026-06-17 17:16:13,70,99,91.44,5060,NA
2026-06-17 17:17:13,72,100,77.35,5060,NA
2026-06-17 17:18:13,73,100,93.27,5060,NA
2026-06-17 17:19:13,73,100,97.81,5060,NA
2026-06-17 17:20:14,74,99,96.89,5060,NA
2026-06-17 17:21:14,74,100,84.29,5060,NA
2026-06-17 17:22:14,74,100,83.80,5060,NA
2026-06-17 17:23:14,73,100,83.29,5060,NA
2026-06-17 17:24:14,74,99,89.93,5060,NA
2026-06-17 17:25:14,74,100,84.73,5060,NA
2026-06-17 17:26:14,73,100,87.45,5060,NA
2026-06-17 17:27:14,74,99,86.57,5060,NA
2026-06-17 17:28:14,74,99,98.32,5060,NA
2026-06-17 17:29:14,72,100,97.46,5060,NA
2026-06-17 17:30:14,60,0,24.48,5060,NA
2026-06-17 17:31:14,73,100,80.98,5060,NA
2026-06-17 17:32:14,73,100,89.15,5060,NA
2026-06-17 17:33:14,74,100,69.01,5060,NA
2026-06-17 17:34:15,74,100,74.88,5060,NA
2026-06-17 17:35:15,74,100,84.26,5060,NA
2026-06-17 17:36:15,76,100,78.73,5060,NA
2026-06-17 17:37:15,74,99,88.66,5060,NA
2026-06-17 17:38:15,74,100,76.46,5060,NA
2026-06-17 17:39:15,76,100,93.26,5060,NA
2026-06-17 17:40:15,75,100,92.82,5060,NA
2026-06-17 17:41:15,75,100,81.52,5060,NA
2026-06-17 17:42:15,74,99,85.56,5060,NA
2026-06-17 17:43:15,74,100,89.28,5060,NA
2026-06-17 17:44:15,74,100,89.38,5060,NA
2026-06-17 17:45:15,66,100,84.77,5060,NA
2026-06-17 17:46:15,72,100,86.07,5060,NA
2026-06-17 17:47:15,74,100,86.56,5060,NA
2026-06-17 17:48:15,74,100,85.59,5060,NA
2026-06-17 17:49:16,74,100,87.11,5060,NA
2026-06-17 17:50:16,75,100,84.85,5060,NA
2026-06-17 17:51:16,75,100,94.34,5060,NA
2026-06-17 17:52:16,74,100,72.45,5060,NA
2026-06-17 17:53:16,75,100,91.15,5060,NA
2026-06-17 17:54:16,75,100,86.63,5060,NA
2026-06-17 17:55:16,75,100,94.57,5060,NA
2026-06-17 17:56:16,75,100,94.34,5060,NA
2026-06-17 17:57:16,75,100,84.81,5060,NA
2026-06-17 17:58:16,64,37,68.34,5060,NA
2026-06-17 17:59:16,70,100,76.25,5060,NA
2026-06-17 18:00:16,69,99,88.24,5060,NA
2026-06-17 18:01:16,73,99,83.94,5060,NA
2026-06-17 18:02:16,75,100,87.46,5060,NA
2026-06-17 18:03:17,76,99,88.33,5060,NA
2026-06-17 18:04:17,75,100,92.16,5060,NA
2026-06-17 18:05:17,76,100,83.28,5060,NA
2026-06-17 18:06:17,76,100,96.14,5060,NA
2026-06-17 18:07:17,75,100,85.43,5060,NA
2026-06-17 18:08:17,76,100,98.65,5060,NA
2026-06-17 18:09:17,76,100,93.03,5060,NA
2026-06-17 18:10:17,76,100,80.59,5060,NA
2026-06-17 18:11:17,75,100,75.87,5060,NA
2026-06-17 18:12:17,75,100,92.79,5060,NA
2026-06-17 18:13:17,73,100,70.94,5060,NA
2026-06-17 18:14:17,75,100,81.45,5060,NA
2026-06-17 18:15:17,72,100,93.20,5060,NA
2026-06-17 18:16:17,75,100,94.45,5060,NA
2026-06-17 18:17:17,75,100,94.62,5060,NA
2026-06-17 18:18:18,75,100,86.55,5060,NA
2026-06-17 18:19:18,76,100,88.51,5060,NA
2026-06-17 18:20:18,76,100,88.87,5060,NA
2026-06-17 18:21:18,76,100,87.92,5060,NA
2026-06-17 18:22:18,75,100,87.22,5060,NA
2026-06-17 18:23:18,75,100,85.01,5060,NA
2026-06-17 18:24:18,76,100,89.35,5060,NA
2026-06-17 18:25:18,77,100,85.10,5060,NA
2026-06-17 18:26:18,76,99,81.09,5060,NA
2026-06-17 18:27:18,76,100,84.46,5060,NA
2026-06-17 18:28:18,74,100,83.74,5060,NA
2026-06-17 18:29:18,63,0,25.05,5060,NA
2026-06-17 18:30:18,74,100,83.20,5060,NA
2026-06-17 18:31:18,74,100,92.17,5060,NA
2026-06-17 18:32:19,76,100,93.64,5060,NA
2026-06-17 18:33:19,75,100,86.83,5060,NA
2026-06-17 18:34:19,76,100,81.81,5060,NA
2026-06-17 18:35:19,76,100,91.70,5060,NA
2026-06-17 18:36:19,76,99,91.07,5060,NA
2026-06-17 18:37:19,76,99,87.95,5060,NA
2026-06-17 18:38:19,76,100,93.47,5060,NA
2026-06-17 18:39:19,75,100,78.42,5060,NA
2026-06-17 18:40:19,75,100,83.51,5060,NA
2026-06-17 18:41:19,77,100,90.52,5060,NA
2026-06-17 18:42:19,76,100,96.74,5060,NA
2026-06-17 18:43:19,75,100,89.51,5060,NA
2026-06-17 18:44:19,57,38,56.35,5060,NA
2026-06-17 18:45:19,73,100,83.64,5060,NA
2026-06-17 18:46:20,75,100,77.05,5060,NA
2026-06-17 18:47:20,76,100,84.68,5060,NA
2026-06-17 18:48:20,76,99,94.11,5060,NA
2026-06-17 18:49:20,76,100,84.18,5060,NA
2026-06-17 18:50:20,76,100,86.00,5060,NA
2026-06-17 18:51:20,77,100,84.44,5060,NA
2026-06-17 18:52:20,77,99,89.07,5060,NA
2026-06-17 18:53:20,77,100,86.42,5060,NA
2026-06-17 18:54:20,78,100,87.21,5060,NA
2026-06-17 18:55:20,77,100,83.17,5060,NA
2026-06-17 18:56:20,77,100,89.21,5060,NA
2026-06-17 18:57:20,65,0,25.32,5060,NA
2026-06-17 18:58:20,76,99,86.09,5060,NA
2026-06-17 18:59:20,71,100,84.77,5060,NA
2026-06-17 19:00:20,75,100,96.76,5060,NA
2026-06-17 19:01:21,76,100,98.01,5060,NA
2026-06-17 19:02:21,77,99,88.73,5060,NA
2026-06-17 19:03:21,76,100,89.01,5060,NA
2026-06-17 19:04:21,75,100,81.01,5060,NA
2026-06-17 19:05:21,76,99,90.42,5060,NA
2026-06-17 19:06:21,77,99,85.81,5060,NA
2026-06-17 19:07:21,76,100,83.75,5060,NA
2026-06-17 19:08:21,76,100,80.64,5060,NA
2026-06-17 19:09:21,76,100,90.42,5060,NA
2026-06-17 19:10:21,77,100,93.25,5060,NA
2026-06-17 19:11:21,76,100,89.63,5060,NA
2026-06-17 19:12:21,73,100,94.25,5060,NA
2026-06-17 19:13:21,77,99,74.97,5060,NA
2026-06-17 19:14:21,73,100,83.10,5060,NA
2026-06-17 19:15:22,75,99,92.86,5060,NA
2026-06-17 19:16:22,76,100,72.12,5060,NA
2026-06-17 19:17:22,76,99,91.02,5060,NA
2026-06-17 19:18:22,76,100,79.32,5060,NA
2026-06-17 19:19:22,77,100,95.27,5060,NA
2026-06-17 19:20:22,76,100,87.96,5060,NA
2026-06-17 19:21:22,75,100,79.30,5060,NA
2026-06-17 19:22:22,76,100,97.19,5060,NA
2026-06-17 19:23:22,76,100,88.36,5060,NA
2026-06-17 19:24:22,76,100,87.87,5060,NA
2026-06-17 19:25:22,76,99,85.18,5060,NA
2026-06-17 19:26:22,76,100,87.31,5060,NA
2026-06-17 19:27:22,75,100,78.77,5060,NA
2026-06-17 19:28:22,62,0,24.74,5060,NA
2026-06-17 19:29:22,73,100,77.41,5060,NA
2026-06-17 19:30:23,76,99,96.69,5060,NA
2026-06-17 19:31:23,75,100,86.21,5060,NA
2026-06-17 19:32:23,75,100,94.11,5060,NA
2026-06-17 19:33:23,76,100,86.24,5060,NA
2026-06-17 19:34:23,77,100,85.20,5060,NA
2026-06-17 19:35:23,76,100,86.03,5060,NA
2026-06-17 19:36:23,75,100,74.52,5060,NA
2026-06-17 19:37:23,76,100,95.15,5060,NA
2026-06-17 19:38:23,76,100,85.13,5060,NA
2026-06-17 19:39:23,76,100,98.11,5060,NA
2026-06-17 19:40:23,76,99,94.64,5060,NA
2026-06-17 19:41:23,77,100,87.17,5060,NA
2026-06-17 19:42:23,76,100,95.93,5060,NA
2026-06-17 19:43:23,68,99,90.04,5060,NA
2026-06-17 19:44:24,74,99,95.57,5060,NA
2026-06-17 19:45:24,75,100,78.49,5060,NA
2026-06-17 19:46:24,76,99,88.19,5060,NA
2026-06-17 19:47:24,76,100,85.15,5060,NA
2026-06-17 19:48:24,75,100,95.59,5060,NA
2026-06-17 19:49:24,76,100,93.41,5060,NA
2026-06-17 19:50:24,76,100,86.82,5060,NA
2026-06-17 19:51:24,77,100,88.24,5060,NA
2026-06-17 19:52:24,76,100,89.05,5060,NA
2026-06-17 19:53:24,76,99,85.84,5060,NA
2026-06-17 19:54:24,76,99,84.93,5060,NA
2026-06-17 19:55:24,76,100,87.51,5060,NA
2026-06-17 19:56:24,66,19,55.73,5060,NA
2026-06-17 19:57:24,76,100,76.64,5060,NA
2026-06-17 19:58:25,71,100,92.14,5060,NA
2026-06-17 19:59:25,75,100,82.57,5060,NA
2026-06-17 20:00:25,76,100,90.39,5060,NA
2026-06-17 20:01:25,76,100,83.52,5060,NA
2026-06-17 20:02:25,77,99,99.33,5060,NA
2026-06-17 20:03:25,77,99,95.48,5060,NA
2026-06-17 20:04:25,77,100,85.75,5060,NA
2026-06-17 20:05:25,77,100,101.78,5060,NA
2026-06-17 20:06:25,76,100,93.51,5060,NA
2026-06-17 20:07:25,76,100,85.96,5060,NA
2026-06-17 20:08:25,77,100,88.43,5060,NA
2026-06-17 20:09:25,76,100,99.71,5060,NA
2026-06-17 20:10:25,76,100,90.24,5060,NA
2026-06-17 20:11:25,74,100,95.62,5060,NA
2026-06-17 20:12:25,66,0,25.53,5060,NA
2026-06-17 20:13:26,73,100,85.02,5060,NA
2026-06-17 20:14:26,75,100,87.94,5060,NA
2026-06-17 20:15:26,75,100,96.18,5060,NA
2026-06-17 20:16:26,76,100,95.46,5060,NA
2026-06-17 20:17:26,75,100,80.44,5060,NA
2026-06-17 20:18:26,76,100,98.05,5060,NA
2026-06-17 20:19:26,76,100,80.76,5060,NA
2026-06-17 20:20:26,76,100,87.37,5060,NA
2026-06-17 20:21:26,75,100,85.18,5060,NA
2026-06-17 20:22:26,75,99,89.84,5060,NA
2026-06-17 20:23:26,75,99,86.39,5060,NA
2026-06-17 20:24:26,77,100,77.16,5060,NA
2026-06-17 20:25:26,76,99,85.34,5060,NA
2026-06-17 20:26:26,75,100,94.00,5060,NA
2026-06-17 20:27:27,59,0,12.13,5060,NA
2026-06-17 20:28:27,74,100,84.80,5060,NA
2026-06-17 20:29:27,76,100,98.09,5060,NA
2026-06-17 20:30:27,75,100,85.53,5060,NA
2026-06-17 20:31:27,76,100,96.87,5060,NA
2026-06-17 20:32:27,76,100,87.90,5060,NA
2026-06-17 20:33:27,76,100,78.50,5060,NA
2026-06-17 20:34:27,76,100,92.79,5060,NA
2026-06-17 20:35:27,76,100,76.92,5060,NA
2026-06-17 20:36:27,77,100,86.95,5060,NA
2026-06-17 20:37:27,76,100,86.65,5060,NA
2026-06-17 20:38:27,76,99,86.69,5060,NA
2026-06-17 20:39:27,76,100,78.61,5060,NA
2026-06-17 20:40:27,70,0,41.54,5060,NA
2026-06-17 20:41:28,76,100,85.54,5060,NA
2026-06-17 20:42:28,71,99,85.37,5060,NA
2026-06-17 20:43:28,74,100,91.50,5060,NA
2026-06-17 20:44:28,74,100,95.43,5060,NA
2026-06-17 20:45:28,76,100,83.62,5060,NA
2026-06-17 20:46:28,76,100,84.35,5060,NA
2026-06-17 20:47:28,76,100,77.51,5060,NA
2026-06-17 20:48:28,76,100,89.80,5060,NA
2026-06-17 20:49:28,77,100,84.35,5060,NA
2026-06-17 20:50:28,76,100,93.08,5060,NA
2026-06-17 20:51:28,76,100,96.92,5060,NA
2026-06-17 20:52:28,76,100,83.28,5060,NA
2026-06-17 20:53:28,75,100,93.61,5060,NA
2026-06-17 20:54:28,76,99,86.19,5060,NA
2026-06-17 20:55:28,72,99,73.62,5060,NA
2026-06-17 20:56:29,76,100,87.39,5060,NA
2026-06-17 20:57:29,72,100,101.55,5060,NA
2026-06-17 20:58:29,75,100,83.94,5060,NA
2026-06-17 20:59:29,75,100,96.92,5060,NA
2026-06-17 21:00:29,76,100,91.39,5060,NA
2026-06-17 21:01:29,76,100,99.95,5060,NA
2026-06-17 21:02:29,75,99,84.43,5060,NA
2026-06-17 21:03:29,77,100,82.26,5060,NA
2026-06-17 21:04:29,76,100,85.33,5060,NA
2026-06-17 21:05:29,75,100,77.78,5060,NA
2026-06-17 21:06:29,76,100,99.83,5060,NA
2026-06-17 21:07:29,76,100,90.08,5060,NA
2026-06-17 21:08:29,77,100,93.89,5060,NA
2026-06-17 21:09:29,76,100,85.20,5060,NA
2026-06-17 21:10:29,74,100,95.50,5060,NA
2026-06-17 21:11:30,64,0,24.78,5060,NA
2026-06-17 21:12:30,72,100,91.65,5060,NA
2026-06-17 21:13:30,75,99,86.32,5060,NA
2026-06-17 21:14:30,75,100,86.71,5060,NA
2026-06-17 21:15:30,75,100,90.33,5060,NA
2026-06-17 21:16:30,76,100,94.32,5060,NA
2026-06-17 21:17:30,75,100,86.16,5060,NA
2026-06-17 21:18:30,76,100,87.91,5060,NA
2026-06-17 21:19:30,76,100,88.48,5060,NA
2026-06-17 21:20:30,76,99,88.16,5060,NA
2026-06-17 21:21:30,76,100,89.05,5060,NA
2026-06-17 21:22:30,77,100,90.45,5060,NA
2026-06-17 21:23:30,76,100,86.09,5060,NA
2026-06-17 21:24:30,76,100,96.10,5060,NA
2026-06-17 21:25:31,75,99,99.73,5060,NA
2026-06-17 21:26:31,57,0,12.15,5060,NA
2026-06-17 21:27:31,74,100,89.86,5060,NA
2026-06-17 21:28:31,75,99,86.89,5060,NA
2026-06-17 21:29:31,76,100,86.55,5060,NA
2026-06-17 21:30:31,75,100,88.25,5060,NA
2026-06-17 21:31:31,77,100,88.10,5060,NA
2026-06-17 21:32:31,76,100,96.33,5060,NA
2026-06-17 21:33:31,76,100,93.99,5060,NA
2026-06-17 21:34:31,76,100,84.71,5060,NA
2026-06-17 21:35:31,76,100,80.27,5060,NA
2026-06-17 21:36:31,76,100,85.14,5060,NA
2026-06-17 21:37:31,77,100,99.70,5060,NA
2026-06-17 21:38:31,76,100,93.70,5060,NA
2026-06-17 21:39:31,65,0,25.00,5060,NA
2026-06-17 21:40:32,77,100,87.08,5060,NA
2026-06-17 21:41:32,72,100,89.90,5060,NA
2026-06-17 21:42:32,74,100,89.92,5060,NA
2026-06-17 21:43:32,75,100,86.76,5060,NA
2026-06-17 21:44:32,76,100,93.31,5060,NA
2026-06-17 21:45:32,76,100,94.14,5060,NA
2026-06-17 21:46:32,76,100,82.12,5060,NA
2026-06-17 21:47:32,76,100,89.51,5060,NA
2026-06-17 21:48:32,75,100,85.21,5060,NA
2026-06-17 21:49:32,76,99,93.05,5060,NA
2026-06-17 21:50:32,77,100,90.21,5060,NA
2026-06-17 21:51:32,76,99,99.33,5060,NA
2026-06-17 21:52:32,77,100,86.97,5060,NA
2026-06-17 21:53:32,76,100,85.84,5060,NA
2026-06-17 21:54:32,74,100,86.71,5060,NA
2026-06-17 21:55:33,77,99,85.51,5060,NA
2026-06-17 21:56:33,72,100,86.13,5060,NA
2026-06-17 21:57:33,75,100,92.90,5060,NA
2026-06-17 21:58:33,76,100,95.30,5060,NA
2026-06-17 21:59:33,76,99,91.03,5060,NA
2026-06-17 22:00:33,75,100,90.21,5060,NA
2026-06-17 22:01:33,76,100,85.03,5060,NA
2026-06-17 22:02:33,76,100,81.29,5060,NA
2026-06-17 22:03:33,75,100,85.57,5060,NA
2026-06-17 22:04:33,77,100,84.66,5060,NA
2026-06-17 22:05:33,77,100,97.18,5060,NA
2026-06-17 22:06:33,77,100,87.39,5060,NA
2026-06-17 22:07:33,77,100,83.56,5060,NA
2026-06-17 22:08:33,76,99,78.08,5060,NA
2026-06-17 22:09:34,74,99,84.82,5060,NA
2026-06-17 22:10:34,63,0,24.84,5060,NA
2026-06-17 22:11:34,73,100,78.62,5060,NA
2026-06-17 22:12:34,75,100,87.05,5060,NA
2026-06-17 22:13:34,75,100,89.94,5060,NA
2026-06-17 22:14:34,76,100,88.78,5060,NA
2026-06-17 22:15:34,75,100,102.67,5060,NA
2026-06-17 22:16:34,76,100,83.75,5060,NA
2026-06-17 22:17:34,76,100,85.59,5060,NA
2026-06-17 22:18:34,77,100,85.85,5060,NA
2026-06-17 22:19:34,76,100,86.55,5060,NA
2026-06-17 22:20:34,78,100,95.33,5060,NA
2026-06-17 22:21:34,60,100,32.49,5060,NA
2026-06-17 22:22:34,74,100,95.88,5060,NA
2026-06-17 22:23:34,75,100,92.20,5060,NA
2026-06-17 22:24:35,74,100,85.36,5060,NA
2026-06-17 22:25:35,74,99,88.31,5060,NA
2026-06-17 22:26:35,67,100,91.61,5060,NA
2026-06-17 22:27:35,71,100,79.54,5060,NA
2026-06-17 22:28:35,72,100,78.86,5060,NA
2026-06-17 22:29:35,72,100,80.00,5060,NA
2026-06-17 22:30:35,72,100,84.28,5060,NA
2026-06-17 22:31:35,73,100,87.62,5060,NA
2026-06-17 22:32:35,73,99,89.89,5060,NA
2026-06-17 22:33:35,72,100,102.70,5060,NA
2026-06-17 22:34:35,72,100,85.20,5060,NA
2026-06-17 22:35:35,73,99,85.27,5060,NA
2026-06-17 22:36:35,72,99,94.65,5060,NA
2026-06-17 22:37:35,73,100,89.49,5060,NA
2026-06-17 22:38:36,72,100,96.81,5060,NA
2026-06-17 22:39:36,68,100,72.67,5060,NA
2026-06-17 22:40:36,72,100,97.01,5060,NA
2026-06-17 22:41:36,68,100,81.19,5060,NA
2026-06-17 22:42:36,71,99,88.15,5060,NA
2026-06-17 22:43:36,71,100,78.51,5060,NA
2026-06-17 22:44:36,72,99,91.44,5060,NA
2026-06-17 22:45:36,72,100,84.47,5060,NA
2026-06-17 22:46:36,72,100,84.93,5060,NA
2026-06-17 22:47:36,72,99,93.71,5060,NA
2026-06-17 22:48:36,73,99,84.06,5060,NA
2026-06-17 22:49:36,73,100,86.52,5060,NA
2026-06-17 22:50:36,72,100,87.39,5060,NA
2026-06-17 22:51:36,73,99,84.86,5060,NA
2026-06-17 22:52:36,73,100,87.87,5060,NA
2026-06-17 22:53:37,72,100,77.84,5060,NA
2026-06-17 22:54:37,70,100,95.33,5060,NA
2026-06-17 22:55:37,59,0,24.59,5060,NA
2026-06-17 22:56:37,70,100,86.70,5060,NA
2026-06-17 22:57:37,70,99,80.83,5060,NA
2026-06-17 22:58:37,72,100,87.38,5060,NA
2026-06-17 22:59:37,72,100,90.49,5060,NA
2026-06-17 23:00:37,72,100,98.91,5060,NA
2026-06-17 23:01:37,73,100,84.93,5060,NA
2026-06-17 23:02:37,72,100,85.92,5060,NA
2026-06-17 23:03:37,73,100,94.45,5060,NA
2026-06-17 23:04:37,73,100,92.50,5060,NA
2026-06-17 23:05:37,73,100,79.60,5060,NA
2026-06-17 23:06:37,72,100,86.87,5060,NA
2026-06-17 23:07:37,72,99,86.36,5060,NA
2026-06-17 23:08:38,73,100,90.01,5060,NA
2026-06-17 23:09:38,72,100,85.96,5060,NA
2026-06-17 23:10:38,65,100,82.71,5060,NA
2026-06-17 23:11:38,71,100,79.85,5060,NA
2026-06-17 23:12:38,72,100,85.06,5060,NA
2026-06-17 23:13:38,72,100,83.20,5060,NA
2026-06-17 23:14:38,72,100,92.18,5060,NA
2026-06-17 23:15:38,73,100,80.82,5060,NA
2026-06-17 23:16:38,73,100,79.41,5060,NA
2026-06-17 23:17:38,73,100,86.19,5060,NA
2026-06-17 23:18:38,72,100,87.21,5060,NA
2026-06-17 23:19:38,72,100,96.87,5060,NA
2026-06-17 23:20:38,72,100,91.20,5060,NA
2026-06-17 23:21:38,73,100,83.52,5060,NA
2026-06-17 23:22:39,73,100,91.36,5060,NA
2026-06-17 23:23:39,68,100,72.73,5060,NA
2026-06-17 23:24:39,72,100,86.79,5060,NA
2026-06-17 23:25:39,69,100,88.02,5060,NA
2026-06-17 23:26:39,71,100,93.76,5060,NA
2026-06-17 23:27:39,72,100,88.84,5060,NA
2026-06-17 23:28:39,71,100,79.60,5060,NA
2026-06-17 23:29:39,72,100,83.84,5060,NA
2026-06-17 23:30:39,72,100,84.96,5060,NA
2026-06-17 23:31:39,72,99,86.40,5060,NA
2026-06-17 23:32:39,72,100,81.64,5060,NA
2026-06-17 23:33:39,73,99,90.36,5060,NA
2026-06-17 23:34:39,73,100,103.21,5060,NA
2026-06-17 23:35:39,72,100,93.20,5060,NA
2026-06-17 23:36:39,73,100,95.12,5060,NA
2026-06-17 23:37:40,72,100,85.96,5060,NA
2026-06-17 23:38:40,71,100,85.25,5060,NA
2026-06-17 23:39:40,60,0,24.62,5060,NA
2026-06-17 23:40:40,70,100,84.29,5060,NA
2026-06-17 23:41:40,71,100,90.29,5060,NA
2026-06-17 23:42:40,72,100,85.98,5060,NA
2026-06-17 23:43:40,72,100,77.84,5060,NA
2026-06-17 23:44:40,72,100,88.20,5060,NA
2026-06-17 23:45:40,72,100,76.34,5060,NA
2026-06-17 23:46:40,73,100,104.35,5060,NA
2026-06-17 23:47:40,72,100,82.26,5060,NA
2026-06-17 23:48:40,72,100,88.50,5060,NA
2026-06-17 23:49:40,72,100,91.23,5060,NA
2026-06-17 23:50:40,72,100,87.31,5060,NA
2026-06-17 23:51:41,72,100,87.30,5060,NA
2026-06-17 23:52:41,72,100,84.99,5060,NA
2026-06-17 23:53:41,71,99,89.28,5060,NA
2026-06-17 23:54:41,64,100,94.31,5060,NA
2026-06-17 23:55:41,71,100,94.64,5060,NA
2026-06-17 23:56:41,71,100,94.44,5060,NA
2026-06-17 23:57:41,71,100,92.22,5060,NA
2026-06-17 23:58:41,72,100,89.91,5060,NA
2026-06-17 23:59:41,72,100,79.04,5060,NA
2026-06-18 00:00:41,72,100,89.08,5060,NA
2026-06-18 00:01:41,73,99,89.74,5060,NA
2026-06-18 00:02:41,72,100,94.86,5060,NA
2026-06-18 00:03:41,72,100,86.14,5060,NA
2026-06-18 00:04:41,72,100,85.41,5060,NA
2026-06-18 00:05:41,72,100,87.17,5060,NA
2026-06-18 00:06:42,73,100,91.55,5060,NA
2026-06-18 00:07:42,63,0,39.74,5060,NA
2026-06-18 00:08:42,72,100,96.63,5060,NA
2026-06-18 00:09:42,69,100,95.27,5060,NA
2026-06-18 00:10:42,72,100,92.41,5060,NA
2026-06-18 00:11:42,72,100,97.34,5060,NA
2026-06-18 00:12:42,73,100,86.24,5060,NA
2026-06-18 00:13:42,73,100,94.72,5060,NA
2026-06-18 00:14:42,72,100,93.24,5060,NA
2026-06-18 00:15:42,73,100,95.26,5060,NA
2026-06-18 00:16:42,74,100,80.55,5060,NA
2026-06-18 00:17:42,72,100,84.49,5060,NA
2026-06-18 00:18:42,72,100,92.41,5060,NA
2026-06-18 00:19:42,73,99,92.72,5060,NA
2026-06-18 00:20:43,73,100,81.00,5060,NA
2026-06-18 00:21:43,74,100,81.58,5060,NA
2026-06-18 00:22:43,71,99,80.51,5060,NA
2026-06-18 00:23:43,61,0,25.05,5060,NA
2026-06-18 00:24:43,69,100,85.71,5060,NA
2026-06-18 00:25:43,70,100,83.28,5060,NA
2026-06-18 00:26:43,72,100,92.13,5060,NA
2026-06-18 00:27:43,72,100,93.63,5060,NA
2026-06-18 00:28:43,73,99,101.57,5060,NA
2026-06-18 00:29:43,72,100,86.87,5060,NA
2026-06-18 00:30:43,72,99,89.43,5060,NA
2026-06-18 00:31:43,73,100,93.19,5060,NA
2026-06-18 00:32:43,73,99,88.54,5060,NA
2026-06-18 00:33:43,73,100,99.09,5060,NA
2026-06-18 00:34:43,71,100,84.60,5060,NA
2026-06-18 00:35:44,72,100,89.31,5060,NA
2026-06-18 00:36:44,72,100,86.06,5060,NA
2026-06-18 00:37:44,71,100,89.17,5060,NA
2026-06-18 00:38:44,60,78,76.44,5060,NA
2026-06-18 00:39:44,71,100,92.71,5060,NA
2026-06-18 00:40:44,72,100,97.61,5060,NA
2026-06-18 00:41:44,72,100,87.01,5060,NA
2026-06-18 00:42:44,72,100,87.26,5060,NA
2026-06-18 00:43:44,72,99,94.62,5060,NA
2026-06-18 00:44:44,72,99,86.61,5060,NA
2026-06-18 00:45:44,72,99,98.77,5060,NA
2026-06-18 00:46:44,72,100,88.27,5060,NA
2026-06-18 00:47:44,72,100,84.03,5060,NA
2026-06-18 00:48:44,72,100,85.85,5060,NA
2026-06-18 00:49:45,73,100,73.07,5060,NA
2026-06-18 00:50:45,72,100,87.54,5060,NA
2026-06-18 00:51:45,63,0,40.02,5060,NA
2026-06-18 00:52:45,72,100,84.90,5060,NA
2026-06-18 00:53:45,68,100,83.91,5060,NA
2026-06-18 00:54:45,71,100,89.47,5060,NA
2026-06-18 00:55:45,71,100,86.17,5060,NA
2026-06-18 00:56:45,72,100,90.88,5060,NA
2026-06-18 00:57:45,72,100,81.92,5060,NA
2026-06-18 00:58:45,72,99,82.86,5060,NA
2026-06-18 00:59:45,73,100,85.53,5060,NA
2026-06-18 01:00:45,72,100,90.77,5060,NA
2026-06-18 01:01:45,73,99,95.17,5060,NA
2026-06-18 01:02:45,72,100,85.22,5060,NA
2026-06-18 01:03:46,72,100,98.54,5060,NA
2026-06-18 01:04:46,73,100,94.84,5060,NA
2026-06-18 01:05:46,72,100,104.21,5060,NA
2026-06-18 01:06:46,70,100,85.65,5060,NA
2026-06-18 01:07:46,61,0,25.04,5060,NA
2026-06-18 01:08:46,69,100,85.69,5060,NA
2026-06-18 01:09:46,71,100,94.23,5060,NA
2026-06-18 01:10:46,73,100,86.60,5060,NA
2026-06-18 01:11:46,73,99,91.21,5060,NA
2026-06-18 01:12:46,72,100,86.76,5060,NA
2026-06-18 01:13:46,72,100,92.92,5060,NA
2026-06-18 01:14:46,72,100,85.29,5060,NA
2026-06-18 01:15:46,73,99,90.58,5060,NA
2026-06-18 01:16:46,73,100,83.76,5060,NA
2026-06-18 01:17:46,73,100,83.10,5060,NA
2026-06-18 01:18:47,73,100,93.56,5060,NA
2026-06-18 01:19:47,72,100,83.19,5060,NA
2026-06-18 01:20:47,72,100,72.80,5060,NA
2026-06-18 01:21:47,71,100,94.38,5060,NA
2026-06-18 01:22:47,54,0,12.09,5060,NA
2026-06-18 01:23:47,71,100,84.13,5060,NA
2026-06-18 01:24:47,72,100,101.53,5060,NA
2026-06-18 01:25:47,72,99,94.66,5060,NA
2026-06-18 01:26:47,72,100,98.85,5060,NA
2026-06-18 01:27:47,73,100,85.52,5060,NA
2026-06-18 01:28:47,73,99,86.26,5060,NA
2026-06-18 01:29:47,73,100,92.65,5060,NA
2026-06-18 01:30:47,72,99,101.17,5060,NA
2026-06-18 01:31:47,72,100,86.24,5060,NA
2026-06-18 01:32:47,72,100,83.13,5060,NA
2026-06-18 01:33:48,72,99,85.82,5060,NA
2026-06-18 01:34:48,72,99,98.31,5060,NA
2026-06-18 01:35:48,61,0,24.92,5060,NA
2026-06-18 01:36:48,73,100,82.28,5060,NA
2026-06-18 01:37:48,68,100,80.94,5060,NA
2026-06-18 01:38:48,70,100,100.04,5060,NA
2026-06-18 01:39:48,71,100,89.08,5060,NA
2026-06-18 01:40:48,72,100,83.91,5060,NA
2026-06-18 01:41:48,72,100,92.61,5060,NA
2026-06-18 01:42:48,72,100,92.63,5060,NA
2026-06-18 01:43:48,73,100,95.34,5060,NA
2026-06-18 01:44:48,71,100,92.12,5060,NA
2026-06-18 01:45:48,72,100,92.05,5060,NA
2026-06-18 01:46:48,73,100,100.19,5060,NA
2026-06-18 01:47:49,73,100,90.92,5060,NA
2026-06-18 01:48:49,72,100,85.07,5060,NA
2026-06-18 01:49:49,72,100,84.77,5060,NA
2026-06-18 01:50:49,69,100,80.58,5060,NA
2026-06-18 01:51:49,62,0,25.23,5060,NA
2026-06-18 01:52:49,68,100,76.68,5060,NA
2026-06-18 01:53:49,71,100,84.60,5060,NA
2026-06-18 01:54:49,72,100,85.84,5060,NA
2026-06-18 01:55:49,72,100,83.86,5060,NA
2026-06-18 01:56:49,72,100,91.21,5060,NA
2026-06-18 01:57:49,72,100,95.83,5060,NA
2026-06-18 01:58:49,73,99,84.62,5060,NA
2026-06-18 01:59:49,72,100,84.62,5060,NA
2026-06-18 02:00:49,73,100,83.74,5060,NA
2026-06-18 02:01:50,72,100,83.03,5060,NA
2026-06-18 02:02:50,72,100,83.96,5060,NA
2026-06-18 02:03:50,72,100,86.68,5060,NA
2026-06-18 02:04:50,72,100,82.86,5060,NA
2026-06-18 02:05:50,72,99,103.34,5060,NA
2026-06-18 02:06:50,54,0,12.13,5060,NA
2026-06-18 02:07:50,70,100,94.07,5060,NA
2026-06-18 02:08:50,72,99,85.46,5060,NA
2026-06-18 02:09:50,71,100,97.70,5060,NA
2026-06-18 02:10:50,72,100,87.31,5060,NA
2026-06-18 02:11:50,73,100,86.48,5060,NA
2026-06-18 02:12:50,72,100,94.99,5060,NA
2026-06-18 02:13:50,72,99,90.74,5060,NA
2026-06-18 02:14:50,72,100,98.86,5060,NA
2026-06-18 02:15:50,72,100,88.05,5060,NA
2026-06-18 02:16:51,72,100,93.02,5060,NA
2026-06-18 02:17:51,73,100,92.81,5060,NA
2026-06-18 02:18:51,72,100,83.94,5060,NA
2026-06-18 02:19:51,61,0,24.61,5060,NA
2026-06-18 02:20:51,72,98,87.89,5060,NA
2026-06-18 02:21:51,67,100,82.89,5060,NA
2026-06-18 02:22:51,71,100,96.46,5060,NA
2026-06-18 02:23:51,72,100,91.88,5060,NA
2026-06-18 02:24:51,71,100,86.70,5060,NA
2026-06-18 02:25:51,72,100,85.25,5060,NA
2026-06-18 02:26:51,72,100,89.28,5060,NA
2026-06-18 02:27:51,72,100,90.85,5060,NA
2026-06-18 02:28:51,72,99,89.84,5060,NA
2026-06-18 02:29:51,72,100,87.62,5060,NA
2026-06-18 02:30:51,72,100,88.02,5060,NA
2026-06-18 02:31:52,72,99,89.49,5060,NA
2026-06-18 02:32:52,73,100,89.98,5060,NA
2026-06-18 02:33:52,72,100,92.65,5060,NA
2026-06-18 02:34:52,70,100,76.04,5060,NA
2026-06-18 02:35:52,63,0,25.73,5060,NA
2026-06-18 02:36:52,69,99,86.53,5060,NA
2026-06-18 02:37:52,72,99,88.78,5060,NA
2026-06-18 02:38:52,71,100,86.17,5060,NA
2026-06-18 02:39:52,72,100,83.74,5060,NA
2026-06-18 02:40:52,72,100,87.45,5060,NA
2026-06-18 02:41:52,72,100,96.36,5060,NA
2026-06-18 02:42:52,72,100,81.57,5060,NA
2026-06-18 02:43:52,72,100,85.95,5060,NA
2026-06-18 02:44:52,73,100,88.05,5060,NA
2026-06-18 02:45:53,72,99,90.39,5060,NA
2026-06-18 02:46:53,72,100,91.55,5060,NA
2026-06-18 02:47:53,72,100,87.89,5060,NA
2026-06-18 02:48:53,72,100,93.87,5060,NA
2026-06-18 02:49:53,71,100,88.33,5060,NA
2026-06-18 02:50:53,55,0,11.92,5060,NA
2026-06-18 02:51:53,70,100,85.23,5060,NA
2026-06-18 02:52:53,71,100,98.11,5060,NA
2026-06-18 02:53:53,71,99,88.73,5060,NA
2026-06-18 02:54:53,73,100,96.36,5060,NA
2026-06-18 02:55:53,72,100,89.55,5060,NA
2026-06-18 02:56:53,72,100,90.37,5060,NA
2026-06-18 02:57:53,72,99,81.52,5060,NA
2026-06-18 02:58:53,72,100,94.00,5060,NA
2026-06-18 02:59:53,72,100,85.09,5060,NA
2026-06-18 03:00:54,73,100,90.15,5060,NA
2026-06-18 03:01:54,72,100,85.94,5060,NA
2026-06-18 03:02:54,73,99,77.53,5060,NA
2026-06-18 03:03:54,61,0,24.93,5060,NA
2026-06-18 03:04:54,73,100,74.06,5060,NA
2026-06-18 03:05:54,68,100,93.30,5060,NA
2026-06-18 03:06:54,70,100,97.94,5060,NA
2026-06-18 03:07:54,73,100,81.10,5060,NA
2026-06-18 03:08:54,71,100,83.85,5060,NA
2026-06-18 03:09:54,72,100,88.32,5060,NA
2026-06-18 03:10:54,72,100,89.49,5060,NA
2026-06-18 03:11:54,72,100,75.03,5060,NA
2026-06-18 03:12:54,72,100,88.23,5060,NA
2026-06-18 03:13:54,72,100,94.43,5060,NA
2026-06-18 03:14:55,72,100,91.09,5060,NA
2026-06-18 03:15:55,72,100,87.69,5060,NA
2026-06-18 03:16:55,72,100,93.47,5060,NA
2026-06-18 03:17:55,72,100,87.68,5060,NA
2026-06-18 03:18:55,70,100,97.68,5060,NA
2026-06-18 03:19:55,65,1,40.45,5060,NA
2026-06-18 03:20:55,69,100,97.48,5060,NA
2026-06-18 03:21:55,71,100,91.21,5060,NA
2026-06-18 03:22:55,72,100,85.22,5060,NA
2026-06-18 03:23:55,72,100,84.45,5060,NA
2026-06-18 03:24:55,73,99,86.15,5060,NA
2026-06-18 03:25:55,72,100,92.41,5060,NA
2026-06-18 03:26:55,72,100,85.73,5060,NA
2026-06-18 03:27:55,72,100,81.84,5060,NA
2026-06-18 03:28:55,72,100,96.78,5060,NA
2026-06-18 03:29:56,72,99,97.58,5060,NA
2026-06-18 03:30:56,72,100,93.14,5060,NA
2026-06-18 03:31:56,73,100,96.18,5060,NA
2026-06-18 03:32:56,72,100,90.14,5060,NA
2026-06-18 03:33:56,71,100,74.31,5060,NA
2026-06-18 03:34:56,55,0,12.02,5060,NA
2026-06-18 03:35:56,70,99,83.11,5060,NA
2026-06-18 03:36:56,71,100,94.39,5060,NA
2026-06-18 03:37:56,72,100,91.30,5060,NA
2026-06-18 03:38:56,72,100,94.79,5060,NA
2026-06-18 03:39:56,72,100,79.68,5060,NA
2026-06-18 03:40:56,72,99,84.50,5060,NA
2026-06-18 03:41:56,73,99,91.81,5060,NA
2026-06-18 03:42:56,74,100,77.32,5060,NA
2026-06-18 03:43:57,74,99,89.48,5060,NA
2026-06-18 03:44:57,74,99,82.17,5060,NA
2026-06-18 03:45:57,75,99,81.58,5060,NA
2026-06-18 03:46:57,74,99,85.69,5060,NA
2026-06-18 03:47:57,67,0,41.24,5060,NA
2026-06-18 03:48:57,72,100,84.01,5060,NA
2026-06-18 03:49:57,66,99,81.01,5060,NA
2026-06-18 03:50:57,73,99,90.59,5060,NA
2026-06-18 03:51:57,73,99,83.55,5060,NA
2026-06-18 03:52:57,74,100,82.20,5060,NA
2026-06-18 03:53:57,74,100,85.40,5060,NA
2026-06-18 03:54:57,74,100,86.80,5060,NA
2026-06-18 03:55:57,73,100,69.51,5060,NA
2026-06-18 03:56:57,74,100,84.50,5060,NA
2026-06-18 03:57:58,73,100,80.27,5060,NA
2026-06-18 03:58:58,74,99,85.48,5060,NA
2026-06-18 03:59:58,74,100,85.93,5060,NA
2026-06-18 04:00:58,75,100,94.12,5060,NA
2026-06-18 04:01:58,73,100,85.76,5060,NA
2026-06-18 04:02:58,62,0,24.99,5060,NA
2026-06-18 04:03:58,72,100,71.30,5060,NA
2026-06-18 04:04:58,67,100,93.99,5060,NA
2026-06-18 04:05:58,72,100,79.42,5060,NA
2026-06-18 04:06:58,73,100,82.64,5060,NA
2026-06-18 04:07:58,73,100,83.61,5060,NA
2026-06-18 04:08:58,74,100,91.44,5060,NA
2026-06-18 04:09:58,74,100,95.03,5060,NA
2026-06-18 04:10:58,75,100,82.59,5060,NA
2026-06-18 04:11:59,75,100,84.75,5060,NA
2026-06-18 04:12:59,72,100,98.21,5060,NA
2026-06-18 04:13:59,72,99,90.46,5060,NA
2026-06-18 04:14:59,72,100,84.65,5060,NA
2026-06-18 04:15:59,73,100,84.84,5060,NA
2026-06-18 04:16:59,72,100,89.07,5060,NA
2026-06-18 04:17:59,68,100,76.05,5060,NA
2026-06-18 04:18:59,73,100,100.61,5060,NA
2026-06-18 04:19:59,68,100,85.25,5060,NA
2026-06-18 04:20:59,70,100,93.64,5060,NA
2026-06-18 04:21:59,72,100,92.42,5060,NA
2026-06-18 04:22:59,72,100,94.41,5060,NA
2026-06-18 04:23:59,72,100,86.18,5060,NA
2026-06-18 04:24:59,72,100,87.88,5060,NA
2026-06-18 04:25:59,73,100,93.76,5060,NA
2026-06-18 04:27:00,73,100,92.38,5060,NA
2026-06-18 04:28:00,73,100,98.11,5060,NA
2026-06-18 04:29:00,72,100,81.29,5060,NA
2026-06-18 04:30:00,72,100,93.73,5060,NA
2026-06-18 04:31:00,72,100,86.62,5060,NA
2026-06-18 04:32:00,73,100,81.26,5060,NA
2026-06-18 04:33:00,71,100,84.01,5060,NA
2026-06-18 04:34:00,59,0,24.90,5060,NA
2026-06-18 04:35:00,69,100,91.01,5060,NA
2026-06-18 04:36:00,71,100,95.16,5060,NA
2026-06-18 04:37:00,72,100,84.40,5060,NA
2026-06-18 04:38:00,72,100,87.96,5060,NA
2026-06-18 04:39:00,72,100,83.81,5060,NA
2026-06-18 04:40:00,72,99,84.32,5060,NA
2026-06-18 04:41:00,71,100,91.12,5060,NA
2026-06-18 04:42:01,72,100,97.72,5060,NA
2026-06-18 04:43:01,73,100,81.91,5060,NA
2026-06-18 04:44:01,72,100,86.16,5060,NA
2026-06-18 04:45:01,73,100,96.43,5060,NA
2026-06-18 04:46:01,72,99,91.93,5060,NA
2026-06-18 04:47:01,73,100,97.72,5060,NA
2026-06-18 04:48:01,72,100,92.97,5060,NA
2026-06-18 04:49:01,59,0,22.93,121,NA
2026-06-18 04:50:02,45,0,21.84,121,NA
2026-06-18 04:51:02,42,0,23.39,121,NA
2026-06-18 04:52:02,41,0,22.19,121,NA
2026-06-18 04:53:02,40,0,22.97,121,NA
2026-06-18 04:54:03,40,0,22.10,121,NA
2026-06-18 04:55:03,40,0,22.95,121,NA
2026-06-18 04:56:03,40,0,22.90,121,NA
2026-06-18 04:57:03,39,0,23.30,121,NA
2026-06-18 04:58:03,40,0,22.01,121,NA
2026-06-18 04:59:03,39,0,22.77,121,NA
2026-06-18 05:00:03,40,0,23.03,121,NA
2026-06-18 05:01:03,39,0,21.22,121,NA
2026-06-18 05:02:04,40,0,20.39,121,NA
2026-06-18 05:03:04,39,0,23.00,121,NA
2026-06-18 05:04:04,39,0,23.85,121,NA
2026-06-18 05:05:04,39,0,22.87,121,NA
2026-06-18 05:06:04,39,0,22.09,121,NA
2026-06-18 05:07:04,39,0,23.06,121,NA
2026-06-18 05:08:04,39,0,23.02,121,NA
2026-06-18 05:09:04,39,0,21.38,121,NA
2026-06-18 05:10:05,39,0,20.33,121,NA
2026-06-18 05:11:05,39,0,23.05,121,NA
2026-06-18 05:12:05,39,0,23.25,121,NA
2026-06-18 05:13:05,39,0,23.22,121,NA
2026-06-18 05:14:05,39,0,23.11,121,NA
2026-06-18 05:15:05,39,0,23.34,121,NA
2026-06-18 05:16:05,39,0,23.36,121,NA
2026-06-18 05:17:05,39,0,23.06,121,NA
2026-06-18 05:18:05,39,0,23.20,121,NA
2026-06-18 05:19:05,39,0,22.23,121,NA
2026-06-18 05:20:06,39,0,23.17,121,NA
2026-06-18 05:21:06,39,0,22.09,121,NA
2026-06-18 05:22:06,39,0,23.14,121,NA
2026-06-18 05:23:06,39,0,22.90,121,NA
2026-06-18 05:24:06,40,0,20.84,121,NA
2026-06-18 05:25:07,39,0,22.94,121,NA
2026-06-18 05:26:07,39,0,22.09,121,NA
2026-06-18 05:27:07,39,0,21.28,121,NA
2026-06-18 05:28:08,39,0,23.02,121,NA
2026-06-18 05:29:08,39,0,12.67,121,NA
2026-06-18 05:30:08,39,0,23.12,121,NA
2026-06-18 05:31:08,39,0,22.39,121,NA
2026-06-18 05:32:08,39,0,23.14,121,NA
2026-06-18 05:33:08,39,0,23.37,121,NA
2026-06-18 05:34:08,39,0,22.93,121,NA
2026-06-18 05:35:08,39,0,23.09,121,NA
2026-06-18 05:36:08,39,0,23.29,121,NA
2026-06-18 05:37:08,39,0,22.88,121,NA
2026-06-18 05:38:08,39,0,23.31,121,NA
2026-06-18 05:39:09,39,0,21.60,121,NA
2026-06-18 05:40:09,39,0,22.93,121,NA
2026-06-18 05:41:09,39,0,23.79,121,NA
2026-06-18 05:42:09,39,0,22.23,121,NA
2026-06-18 05:43:10,39,0,23.22,121,NA
2026-06-18 05:44:10,39,0,21.92,121,NA
2026-06-18 05:45:10,39,0,23.07,121,NA
2026-06-18 05:46:10,39,0,22.98,121,NA
2026-06-18 05:47:10,39,0,23.07,121,NA
2026-06-18 05:48:10,39,0,23.15,121,NA
2026-06-18 05:49:10,39,0,23.15,121,NA
2026-06-18 05:50:10,39,0,22.99,121,NA
2026-06-18 05:51:10,39,0,21.20,121,NA
2026-06-18 05:52:11,39,0,22.25,121,NA
2026-06-18 05:53:11,39,0,21.73,121,NA
2026-06-18 05:54:12,39,0,21.59,121,NA
2026-06-18 05:55:12,39,0,23.38,121,NA
2026-06-18 05:56:12,39,0,22.24,121,NA
2026-06-18 05:57:13,39,0,22.80,121,NA
2026-06-18 05:58:13,39,0,22.02,121,NA
2026-06-18 05:59:13,39,0,23.20,121,NA
2026-06-18 06:00:13,39,0,23.14,121,NA
2026-06-18 06:01:13,39,0,22.20,121,NA
2026-06-18 06:02:14,39,0,21.13,121,NA
2026-06-18 06:03:14,41,0,21.08,121,NA
2026-06-18 06:04:14,49,0,22.01,121,NA
2026-06-18 06:05:15,53,0,21.83,121,NA
2026-06-18 06:06:15,50,0,21.61,121,NA
2026-06-18 06:07:15,47,0,22.00,121,NA
2026-06-18 06:08:16,53,0,22.19,121,NA
2026-06-18 06:09:16,49,0,22.13,121,NA
2026-06-18 06:10:17,47,0,21.99,121,NA
2026-06-18 06:11:17,53,0,22.32,121,NA
2026-06-18 06:12:18,49,0,22.24,121,NA
2026-06-18 06:13:18,49,0,22.16,121,NA
2026-06-18 06:14:19,49,0,21.87,121,NA
2026-06-18 06:15:19,46,0,21.52,121,NA
2026-06-18 06:16:19,46,0,19.04,121,NA
2026-06-18 06:17:19,46,0,19.68,121,NA
2026-06-18 06:18:19,46,0,19.53,121,NA
2026-06-18 06:19:19,46,0,21.30,121,NA
2026-06-18 06:20:20,46,0,21.65,121,NA
2026-06-18 06:21:21,45,0,21.08,121,NA
2026-06-18 06:22:21,46,0,21.65,121,NA
2026-06-18 06:23:22,46,0,21.48,121,NA
2026-06-18 06:24:22,46,0,21.81,121,NA
2026-06-18 06:25:23,46,0,21.65,121,NA
2026-06-18 06:26:23,46,0,21.50,121,NA
2026-06-18 06:27:23,46,0,21.69,121,NA
2026-06-18 06:28:24,46,0,21.32,121,NA
2026-06-18 06:29:24,46,0,21.61,121,NA
2026-06-18 06:30:25,46,0,21.55,121,NA
2026-06-18 06:31:25,46,0,20.97,121,NA
2026-06-18 06:32:25,48,0,21.91,121,NA
2026-06-18 06:33:26,48,0,21.90,121,NA
2026-06-18 06:34:26,49,0,21.46,121,NA
2026-06-18 06:35:26,49,0,21.84,121,NA
2026-06-18 06:36:27,49,0,22.06,121,NA
2026-06-18 06:37:28,49,0,21.92,121,NA
2026-06-18 06:38:28,49,0,22.37,121,NA
2026-06-18 06:39:29,49,0,21.77,121,NA
2026-06-18 06:40:29,49,0,21.90,121,NA
2026-06-18 06:41:29,49,0,21.65,121,NA
2026-06-18 06:42:30,49,0,21.70,121,NA
2026-06-18 06:43:30,49,0,19.15,121,NA
2026-06-18 06:44:30,50,0,21.77,121,NA
2026-06-18 06:45:31,49,0,21.90,121,NA
2026-06-18 06:46:32,49,0,21.08,121,NA
2026-06-18 06:47:32,50,0,21.49,121,NA
2026-06-18 06:48:33,50,0,21.82,121,NA
2026-06-18 06:49:34,50,0,21.54,121,NA
2026-06-18 06:50:34,50,0,21.86,121,NA
2026-06-18 06:51:35,50,0,21.74,121,NA
2026-06-18 06:52:35,50,0,21.68,121,NA
2026-06-18 06:53:36,50,0,21.68,121,NA
2026-06-18 06:54:37,50,0,21.52,121,NA
2026-06-18 06:55:37,50,0,21.68,121,NA
2026-06-18 06:56:38,50,0,21.69,121,NA
2026-06-18 06:57:39,50,0,21.42,121,NA
2026-06-18 06:58:39,50,0,19.64,121,NA
2026-06-18 06:59:40,50,0,21.60,121,NA
2026-06-18 07:00:40,50,0,18.95,121,NA
2026-06-18 07:01:40,50,0,18.89,121,NA
2026-06-18 07:02:40,51,0,21.78,121,NA
2026-06-18 07:03:41,51,0,21.90,121,NA
2026-06-18 07:04:42,51,0,21.76,121,NA
2026-06-18 07:05:42,51,0,21.55,121,NA
2026-06-18 07:06:43,51,0,21.58,121,NA
2026-06-18 07:07:44,51,0,21.54,121,NA
2026-06-18 07:08:45,50,0,19.97,121,NA
2026-06-18 07:09:45,51,0,21.50,121,NA
2026-06-18 07:10:45,50,0,21.66,121,NA
2026-06-18 07:11:46,50,0,21.14,121,NA
2026-06-18 07:12:46,50,0,21.50,121,NA
2026-06-18 07:13:46,50,0,21.37,121,NA
2026-06-18 07:14:47,50,0,21.68,121,NA
2026-06-18 07:15:48,50,0,21.41,121,NA
2026-06-18 07:16:49,50,0,21.46,121,NA
2026-06-18 07:17:49,50,0,21.40,121,NA
2026-06-18 07:18:49,49,0,14.29,121,NA
2026-06-18 07:19:49,51,0,22.64,121,NA
2026-06-18 07:20:50,50,0,24.70,121,NA
2026-06-18 07:21:50,47,0,23.72,121,NA
2026-06-18 07:22:50,46,0,23.66,121,NA
2026-06-18 07:23:50,46,0,23.81,121,NA
2026-06-18 07:24:50,45,0,22.53,121,NA
2026-06-18 07:25:51,45,0,21.92,121,NA
2026-06-18 07:26:51,45,0,22.44,121,NA
2026-06-18 07:27:52,45,0,22.48,121,NA
2026-06-18 07:28:53,45,0,20.98,121,NA
2026-06-18 07:29:53,45,0,22.59,121,NA
2026-06-18 07:30:54,46,0,21.93,121,NA
2026-06-18 07:31:54,47,0,23.90,121,NA
2026-06-18 07:32:54,48,0,24.75,121,NA
2026-06-18 07:33:54,50,0,24.11,121,NA
2026-06-18 07:34:54,49,0,23.06,121,NA
2026-06-18 07:35:55,49,0,23.98,121,NA
2026-06-18 07:36:55,49,0,23.94,121,NA
2026-06-18 07:37:55,49,0,22.63,121,NA
2026-06-18 07:38:55,49,0,23.71,121,NA
2026-06-18 07:39:55,49,0,23.84,121,NA
2026-06-18 07:40:55,49,0,23.81,121,NA
2026-06-18 07:41:55,49,0,22.99,121,NA
2026-06-18 07:42:55,49,0,23.92,121,NA
2026-06-18 07:43:55,49,0,23.85,121,NA
2026-06-18 07:44:55,50,0,22.25,121,NA
2026-06-18 07:45:56,50,0,22.91,121,NA
2026-06-18 07:46:57,50,0,23.76,121,NA
2026-06-18 07:47:57,49,0,22.68,121,NA
2026-06-18 07:48:57,50,0,22.96,121,NA
2026-06-18 07:49:57,52,0,22.87,121,NA
2026-06-18 07:50:58,51,0,23.71,121,NA
2026-06-18 07:51:58,51,0,23.95,121,NA
2026-06-18 07:52:58,50,0,23.89,121,NA
2026-06-18 07:53:58,50,0,24.65,121,NA
2026-06-18 07:54:58,51,0,23.99,121,NA
2026-06-18 07:55:58,50,0,22.94,121,NA
2026-06-18 07:56:59,50,0,24.16,121,NA
2026-06-18 07:57:59,50,0,24.18,121,NA
2026-06-18 07:58:59,50,0,24.08,121,NA
2026-06-18 07:59:59,48,0,23.60,121,NA
